{
    "svm": {
        "accuracy": 0.9534533162799196,
        "latency_ms": 16310.430765151978
    },
    "cnn": {
        "accuracy": 0.9392015348072356,
        "latency_ms": 140027.38738059998
    },
    "lstm": {
        "accuracy": 0.8276082587246483,
        "latency_ms": 270832.1011066437
    }
}